,productID,body,recommendation_status
0,3493882,خوب بود مشکلی تو این دو ماه که استفاده کردم نداشته,recommended
2,3493882,"من این دستگاه رو در تخفیف خریدم ولی حتی بدون تخفیف هم ارزش خرید دارد، امکانات کاملی دارد و در حد دستگاه های گران قیمت کارائی دارد!
در حدود یک ماهی که من با آن کار میکنم هیچ مشکلی نداشته و با مبلغ اندکی تلویزیون معمولی به تلویزیون هوشمند تبدیل شد!",recommended
3,3493882,خیلی معمولی ،سرعت پایینی داره .کست هم نمیشه تا مودم نداشته باشی,no_idea
4,3493882,پخش فیلم و سرچ کردن و دانلود کردن و همه چی داره فقط کنترلش ضعیفه با سرعت پردازش خودش که میشه بهتر باشن,recommended
8,3493882,خوشکل بود اما برای من سیم اچ دی ام آی مشکل داشت مرجوع کردم.,no_idea
9,3493882,کنترلش کار نمیکنه،موس اش کار نمیکنه به گوشی متصل نمیشه,recommended
10,3493882,"اگر فقط میخواین باهاش فیلم ببیند کارتون رو راه میندازه
توجه داشته باشین مودم باید بهش نزدیک باشه و اگر نه رسما اینترنت ندارید
من لانچر Emotn UI رو نصب کردم و پس زمینه رو هم تونستم تغییر بدم ، با این لانچر به نظر من روون تر و تمیز تر کار میکنه
نوتیف کلا نمایش داده نمیشه و این تو اندروید تی وی ها مثل اینکه اینجوریه 
در کل با توجه به قیمت کار راه اندازه ولی اگر یه مقدار بیشتر هزینه کنید موردهای بهتری هم هست",no_idea
11,3493882,فعلا خوبه و راضی هستم ,recommended
12,3493882,"نسبت به قیمت بسیار عالی
هیچ مشکلی نداره ، هنگ نمیکنه و با این قیمت کیفیت خوبی داره ، حتما یه موس بیسیم هم بخرید کار با کنترل سخته",recommended
14,3493882,دستگاه خیلی خوبی هست من ۱ ساله دارم تو خونه استفاده می کنم پخش فیلم از اینترنت بدون قطعی و لک بدون هنگی نصب نام  افزارها و اندروید ۹,recommended
15,3493882,خیلی خیلی ازخریدم راضی ام خیلی راحت وصل میشه وبه هرچی بخوام دسترسی دادم,recommended
18,3493882,خیلی عالی بود,recommended
20,3493882,خوب بود مشکلی تو این دو ماه که استفاده کردم نداشته,recommended
22,3493882,"من این دستگاه رو در تخفیف خریدم ولی حتی بدون تخفیف هم ارزش خرید دارد، امکانات کاملی دارد و در حد دستگاه های گران قیمت کارائی دارد!
در حدود یک ماهی که من با آن کار میکنم هیچ مشکلی نداشته و با مبلغ اندکی تلویزیون معمولی به تلویزیون هوشمند تبدیل شد!",recommended
23,3493882,خیلی معمولی ،سرعت پایینی داره .کست هم نمیشه تا مودم نداشته باشی,no_idea
24,3493882,پخش فیلم و سرچ کردن و دانلود کردن و همه چی داره فقط کنترلش ضعیفه با سرعت پردازش خودش که میشه بهتر باشن,recommended
28,3493882,خوشکل بود اما برای من سیم اچ دی ام آی مشکل داشت مرجوع کردم.,no_idea
29,3493882,کنترلش کار نمیکنه،موس اش کار نمیکنه به گوشی متصل نمیشه,recommended
30,3493882,"اگر فقط میخواین باهاش فیلم ببیند کارتون رو راه میندازه
توجه داشته باشین مودم باید بهش نزدیک باشه و اگر نه رسما اینترنت ندارید
من لانچر Emotn UI رو نصب کردم و پس زمینه رو هم تونستم تغییر بدم ، با این لانچر به نظر من روون تر و تمیز تر کار میکنه
نوتیف کلا نمایش داده نمیشه و این تو اندروید تی وی ها مثل اینکه اینجوریه 
در کل با توجه به قیمت کار راه اندازه ولی اگر یه مقدار بیشتر هزینه کنید موردهای بهتری هم هست",no_idea
31,3493882,فعلا خوبه و راضی هستم ,recommended
32,3493882,"نسبت به قیمت بسیار عالی
هیچ مشکلی نداره ، هنگ نمیکنه و با این قیمت کیفیت خوبی داره ، حتما یه موس بیسیم هم بخرید کار با کنترل سخته",recommended
34,3493882,دستگاه خیلی خوبی هست من ۱ ساله دارم تو خونه استفاده می کنم پخش فیلم از اینترنت بدون قطعی و لک بدون هنگی نصب نام  افزارها و اندروید ۹,recommended
35,3493882,خیلی خیلی ازخریدم راضی ام خیلی راحت وصل میشه وبه هرچی بخوام دسترسی دادم,recommended
38,3493882,خیلی عالی بود,recommended
41,3493882,درکل خوبه راضی هستم ,recommended
43,3493882,کیفیتش عالی هست,recommended
44,3493882,با سلام خدمت دوستان به برای iptvگرفتم کارم رو کامل راه انداخت،هنگ و قطعی هم نداشت یکم کنده که با این رو و سی پی یو طبیعیه نسبت گرافیکی که ارایه میکنه,recommended
46,3493882,"خیلی خوبه عاشقش شدم و دایم دورشم
خیلی کاربردی و خوبه
عالی عالی عالی
برای مغازه گرفتم خیلی جواب میده
نمیدونم چرا بعضیا میگن کنترلش کار نمیکنه و هنگ میکنه خیلی عالی جواب میده الکی پولتونو به مدلای گرون تر ندین",recommended
48,3493882,اولا گارانتی اش تمام شده بود. کیفیتش هم خوب نبود.خواستم مرجوع کنم. قبول نکردند. مگه شعار شما این نیست که تا یک هفته ضمانت مرجوعی داریم....,not_recommended
49,3493882,خوب بود,recommended
52,3493882,"برای بار دوم سفارش دادم 
عالیع از هر نظر اما مامان و بابام گوشی سامسونگ سری a. دارن که اصلا ب هیچ وجه قابلیت وصل شدن ب تی وی رو نداره 
فقط هات اسپات میکنن و فیلیمو و بقیه برنامه هارو تماشا میکنن همین 
قیمتشم از بازار ارزون تره 
فقط ی موس هم بگیرین کنترلش خیلی بدرد نخوره",recommended
54,3493882,"سلام
این دستگاه به نسبت پولی که میدی خوبه. وای فای دستگاه ضعیف هست و برای پخش فیلم به صورت وای فای باید گوشی رو نزدیک دستگاه قرار بدید تا انتقال اطلاعات به خوبی انجام بگیره و اگر گوشی دور باشه باعث ایجاد لگ میشه. 
به ظاهر بلوتوث هم داره ولی من نتونستم با بلوتوث کار کنم. 
هم زمان هم میتونید به وای فای دیگران وصل بشد و هم دیگران به وای فای دستگاه وصل بشن. 
برای گوشی سامسونگ وصل نمیشد، نمیدونم مشکل کجا بود. 
دفترچه و کابل hdmi و کنترل رو همراه خودش داره. 
کنترلش کمی گیج میزنه و برای انجام هر کاری باید ۲ ثانیه بعد هر کلیک صبر کنید.",no_idea
55,3493882,برنامه های فیلم دیدن روش نصب نمیشه مزخرفه,not_recommended
57,3493882,راضی نبودم مرجوع کردم ,no_idea
58,3493882,عالی,recommended
59,3493882,خوبه نسبت به قیمت,recommended
60,3493882,خوبه نسبت به قیمتش من دو ساله استفاده میکنم و راضی هستم ,recommended
61,3493882,خوب بود منکه راضیم با روزی ۹ ساعت استفاده هم داغ نکرد,recommended
62,3493882,ایراد فنی داشت مرجوع کردم,not_recommended
66,3493882,همه چیز در خصوص این اندوریدباکس، قابل قبوله، موس و کیبورد بلوتوث رو به راحتی ساپورت میکنه بقیه موارد تنظیمات منو، کاملا شببه گوشی های اندرویدی هست و از زبان و کیبورد فارسی پشتیبانی میکنه، یه مقدار کم هم هنگی در موقع کار با دستگاه مواجه میشین، تمامی برنامه های اندرودی رو میتونید از بازار نصب کنید، بهتره که از برنامه های اندروید تی وی استفاده کنید تا در استفاده از موس و کیبورد دچار مشکل نشید، کمی در موقع استفاده از موس بیسیم کند هست. ولی بسیار دستگاه کامل و بی دردسری هست به نسبت قیمتش,recommended
68,3493882,با هزینه کم تلویزیون خود را هوشمند کنید.,recommended
70,3493882,عالی  بود خریداری شه حتما,recommended
71,3493882,"فعلأ که کار می‌کنه
کنترلش هم کار میکنه",recommended
73,3493882,به نظر من تو این رنج قیمت دستگاه خوب و مناسبیه،من واسه تلویزیون اسمارت ال جی استفاده کردم و با این که تلویزیون هوشمند بود اما با این دستگاه خیلی راحت تر شدم و واسه خیلی استفاده ها مخصوصا فیلم و کتاب الکترونیک عالی هست,recommended
75,3493882,کنترل خوبی نداره،هم کوچیکه هم مشخصه الکیه..کنترلش کانال تلویزیون رو عوض میکنه و اصلا نمیشه باهاش کار کرد.. تلویزیون من جی پلاس هستش,no_idea
77,3493882,با تشکر از دیجی کالا,recommended
78,3493882,از ماوس ش خوشم نیومد .مرجوع کردم,no_idea
79,3493882,عالی عالی عالی,recommended
80,3493882,در صورتی که از اندروید باکس میخواید جهت تماشای فیلم 4K یا کیفیت 1080 چه آفلاین چه آنلاین استفاده کنید این اندروید باکس بصرفه ترین اندروید باکسی هستش که میتونید تهیه کنید اندروید باکس های گرون تر از این هم هستن که متاسفانه در تماشای ویدیو های 4k و 1080 لگ و هنگی دارن ولی این نداره کنترلش خوبه ولی قابلیت های خیلی کمی داره و سرعت موسش پایینه حتما باید براش یه کیبورد مینی یا کنترل ایر موس تهیه کنید کارت حافظه و usb رو با سرعت بالا میخونه در زمینه بازی هم بازی های ساده در حد سونیک و ماریو و.. رو خوب اجرا میکنه ولی هماهنگ سازی کنترلش جهت بازی خوب نیست و در کل واسه بازی خوب نیست و بیشتر واسه فیلم دیدنه سه تا نرم‌افزار پخش ویدیو پیشفرض روش نصبه داره که بهتره نرم افزار اصلی پخش ویدیو movieplayer استفاده کنید چون قابلیت های بیشتری داره با تشکر از فروشنده عزیز جعبه وکیوم و پلمپ دستم رسید و گارانتی اصلی داشت,recommended
81,3493882,عالیه بااین قیمت دستگاهه خیلی خوبی خریداری کردم و اینکه به سرعت  راه افتاد اصلا مشکلی نداره خیلی راضیم پیشنهاد میکنم,recommended
82,3493882,"نسبت به قیمتش ارزش خريد داره
ولی اگه واقعا به اون صورت ازش استفاده نمی کنید و برای وصل شدن به تلویزیون میخواین پیشنهاد میکنم دانگل بگيريد",no_idea
84,3493882,سلام خیلی خیلی خوب بود پیشنهاد میکنم ,recommended
85,3493882,کالا دست دوم بود,not_recommended
86,3493882,با توجه به قیمت در مقایسه با دستگاههای مشابه نسبتا مناسبه ولی بعضیا در صورت قطع اتصال برق در اتصال مجدد به اینترنت متاسفانه دستگاه را باید ریست و دوباره راه اندازی کرد ,recommended
87,3493882,دستگاه خوبیه..فقط ورژن اندرویدش پایینه دیگه ولی کار ما که تماشای فیلیمو و نماواستو راه میندازه..,recommended
88,3493882,"از نظر فنی در حد فیمتش خیلی مناسبه و سرعتش هم خوبه.
اما من انتظار داشتم حداقل سیستم عاملش اندروید TV باشه، چونکه اینجوری سخته کار کردن باهاش، اپلیکیشن های اندروید TV مناسب کار با کنترل هستن و از اپلیکیشن های اندروید معمولی بهترن، اینجوری شما همش به ماوس و کیبورد نیاز داریم و رابط کاربری خیلی از اپلیکیشن ها هم بهم میریزه چون مناسب صفحه لمسی هست.
برای اپلیکیشن های فیلیمو و نماوا و… میشه نسخه TV رو نصب کرد اما اگر بخواین Netflix و HBO Max و … نصب کنین مکافات دارین تا نسخه TV اونا رو بجای نسخه معمولی اجرا کنین.",recommended
90,3493882,عالی,recommended
92,3493882,واقعا با این قیمت عالیه. خروجی صدای لیزری هم داره . این امکانات با این قیمت واقعا عالیه. نسخه تلوبیون رو باید نسخه اندروید باکسش رو از بازار دانلود کنید که بدون مشکل کار کنه,recommended
93,3493882,هارد خوب فقط ضربه نخوره,recommended
94,3493882,"البته من این محصول تازه رسیده به دستم ولی از سرعتش و کفیت بدنه کنترلش که می گفتن خوب نیست راضی هستم
من خیلی تحقیق کردم و با نردید خریدم",recommended
95,3493882,عالیه حتما همین و بخرید     ,recommended
96,3493882,در کل واسه فیلم دیدن خوبه سه روزه استفاده میکنم مشکلی نداره فقط جهت برنامه و اپهای اندروید تی وی استفاده نصب کنید تا کاربری راحت تری داشته باشه.,recommended
97,3493882,"هنگ کردن مدام
داغ کردن زیاد
جنس نامرغوب جعبه اندروید باکس",not_recommended
99,3493882,بدون دیش ماهواره داریم یوتیوب کلی فیلم داره,recommended
100,3493882,باسلام ضمن تشکر از مدیریت دیجیکالا ، دستگاه خوب و به نسبت با کیفیتی هست,recommended
101,3493882,"لگ دارد 
قیمت مناسب است ",no_idea
102,3493882,کاربردی هست,recommended
103,3493882,"کار راه انداز هست من اندروید باکس ایکس ویژن داشتم با وجود اینکه قدیمی و سیستم اندروید اون از این دستگاه پایین تر هست هم سرعت بالاتری داره هم کیفیت تصویر بهتر
این دستگاه خیلی ضعیفه  و سرعت خیلی پایینی داره برای راه اندازی و نصب نرم افزار ها می بایست خیلی کلنجار بری خیلی کوچیک هست 
ریموت اون اصلا بدرد نمی خوره حتما می بایست یک ریموت و یا موس وایرلس بخرید ضمنا این کالا ایرانی هست
گارانتی اون هم فقط چهار ماه مونده با آنچه اعلام شده مطابقت نداشت",not_recommended
104,3493882,عالی خیلی خوب,recommended
105,3493882,خیلی خوب فقط باهاش موس بیسیم بگیرید,recommended
106,3493882,"1-با هات‌اسپات موبایل هم دستگاه به اینترنت وصل میشه.
2-اول خدمات گوگل‌پلی رو غیرفعال کنین تا دستگاه کُند نشه.
3-اگه سیم‌کارت شاتل دارید نماوا نصب کنید بدون اشتراکه.
4-سیم‌کارت رایتل هم در گپ‌فیلم اشتراک نمیخواد.
5-یه ماوس بی‌سیم حتما در کنارش خرید کنید چون کنترلش ظریفه از دستم افتاد شکست تو شهر ما مشهد گیر نیومد.
6-تلگرام نصب میشه ولی محتوا گروه و کانال رو نمیشه با کنترل بالا پایین کرد حتما ماوس لازمه.
7-و اینستا محتوا پُست‌ها خیلی بزرگ نشون میده از نسخه وب اینستاگرام استفاده کنید مشکل بزرگی مُحتوا برطرف میشه
8-بازی کلش آف کلنز راحت نصب شد ولی فری‌فایر پابجی کالاف تا نصب میشه و وارد بازی میشی صفحه سیاه میشه و همینجوری میمونه مجبوری بازی رو حذف کنیع
 اگه اطلاعات به دردتون خورد لایک کنین",recommended
107,3493882,راضی هستیم ,recommended
109,3493882,خوبه,recommended
112,3493882,خوبه ولی یکم هنگ داره ,recommended
113,3493882,دستگاه خوبیه برای فیلم دیدن ولی بیشتر بازی ها روش اجرا نمیشه,recommended
116,3493882,نسبت به قیمتش خوب وعالی کم هنگ میکنه منو زیبا کارامد من راضی هستم,recommended
118,3493882,عالی است,recommended
119,3493882,خوبه. یه کم تصویر بیرون زده بود اما تو تنظیمات میشد تصویر رو کوچک و منطبق کرد. کنترلش دید مستقیم IR هست و از پشت تلویزیون عمل نمیکنه. بلوتوث داره. برا کسایی که تلویزیون هوشمند ندارند مناسبه و حتی کسایی که هوشمند دارند و از توانایی سیستم عامل تلویزیون رضایت ندارند.,recommended
121,3493882,دستگاه از ارزان ترین دستگاه های بازار است. و رم دو دارد که برای تماشا نمودن مناسب است. برای سایر امور نظر خاصی نداریم.,recommended
122,3493882,دستگاه خط و خش داشت و بسته بندی آب خورده بود انگار. قیمت هم از سایر فروشگاهها کمی گرانتر بود,recommended
123,3493882,اول فکر میکنی کیفیت خوبی داره نسبت به این قیمت می ارزه بعد یه مدت استفاده پشیمونت میکنه,not_recommended
124,3493882,از خریدم به نسبت پولی که دادم راضیم,recommended
125,3493882,قطعات از لحاظ سالم بودن برسی شود,no_idea
126,3493882,توصیه می شود خوب,recommended
127,3493882,دستگاه خوبی است  بهتر است برای استفاده بهتر   از یک موس بی سیم نیز استفاده شود  شود,recommended
128,3493882,یه روز کار کرد روز دوم بعد از اینکه روشن کردم صفحه سیاه نشون داد فقط مجبور شدم مرجوع کنم,not_recommended
129,3493882,نسبت به پولش زیاد خوب نیست,no_idea
130,3493882,با تشکر از دیجی کالا,recommended
131,3493882,در کل محصول خوبی هست,recommended
132,3493882,فعلا که خوب بوده و اذیت نکرده!,no_idea
133,3493882,خوبه,recommended
134,3493882,اندروید باکس پاناتک,recommended
135,3493882,عالی بود عالیییییییییییی,recommended
136,3493882,به نسبت قیمت خیلی خوب بود. ما راضی هستیم.,recommended
137,3493882,"نسبت به قیمتش خوبه
نظرات رو خوندم ، دیدم خریداران برندهای گرون تر هم ناراضی هستن ، واسه همین این دستگاه رو انتخاب کردم ، تا دستگاه ۲ میلیونی همین کارایی داره
پس بهتره همین رو بگیرین",recommended
138,3493882,والا من اینو بر اساس رضایت برادرم ازین برند خریدم ولی فقط تونستم نیم ساعت فیلم ببینم بعدش هر ده دقیقه ریبوت میشه منم مرجوع کردم خدا کنه که پس بگیرن .,no_idea
139,3493882,سیستم عامل ضعیف,not_recommended
140,3493882,عالی است ولی انتقال صفحه گوشی را انجام نداد ,recommended
141,3493882,اصلا نتونستیم استفاده کنیم حتی تلفن پشتیبانی هم نداره بیچاره شدیم کنترل ضعیف با موس وصل شدیم اون هم هزینه جدا یه اشغال واقعی حیف این همه پول دادیم منو دشوار و سخت برنامه های اپدیت نشده,not_recommended
142,3493882,من قصد خرید تی وی هوشمند داشتم اما با اندروید باکس کارم راه افتاد و واقعا عالیه ,recommended
143,3493882,"این محصول بر خلاف توضیخات فروشندگان که اعلام میکنند اندروید باکس هستش , در واقعیت یک اندروید تی وی باکس هستش و کلا بدرد نمیخوره در مقایسه با اندروید باکس و بنظرم نوعی انحراف ذهن خریدار هست  اینگونه عناوین غیر واقعی",not_recommended
144,3493882,هر بار که از دستگاه استفاده میکنی بلید نرم افزار مورد نظرت رو دوباره نصب کنی، مثلا فیلیمو,not_recommended
146,3493882,مشکل نرم افزاری,recommended
147,3493882,نتیجه چند ساعت کار رو میگم.رابط کاربری متوسط رو پائین،با موس بیسیم نشانگر اونقدر سریع حرکت میکنه که مثل اسنایپر برای کلیک کردن باید نشانه گیری کرد.گزینه های زیادی برای تنظیمات نداره،برای کلیک کردن توی سیستم باید یه جای کاملا مشخص کلیک کنی،انگار کالیبره نیست،موقع نصب برنامه یه کم اذیت کردو پرید بیرون.فیلیمو رو هر دفعه وارد میشی آپدیت رو باید دانلود کنی که با نصب نسخه ای که دوستان گفتن مشکل حل شد.آیکون بزرگ برنامه های رو صفحه خانه حتی با پاک کردن برنامه ها هم نمیره،کلا نرم افزار خیلی ضعیفه.اما از خوبی هاش بگم،کیفیت تصویرش خیلی عالیه،راحت به وایفای متصل میشه،خیلی راحت و بدون دانگل به هدفون بلوتوث وصل شد،کلا یه کم باهاش کار کنید عادت میکنید.امید وارم که مشکلات نرم افزاریش با آپدیت حل بشه.نکته دیگه اینکه تا برج ۱۱ گارانتی داشت برای من.نظرم رو اصلاح میکنم،تونستم گوشی رو میرور کنم رو تلویزیون،روی اندروید باکس برنامه ایر اسکرین رو نصب کنید،اگر گوشیتون توی تنظیمات وایرلس اسکرین داره به راحتی متصل میشه،فقط بار اول ممکنه یه کم زمان ببره،اگر نداره برنامه گوگل هوم رو نصب کنید،با این دو روش تصویر عالی و بدون لک پخش میشه.برای پخش هم میتونید از برنامه پوت پلیر استفاده کنید.,recommended
148,3493882,کیفیت تصویر عالی. تمام اپلیکیشن های مورد نیاز داره. تصمیم داشتیم تلوزیون هوشمند بخریم ولی با همین دستگاه تمام نیازمون بر طرف شد,recommended
150,3493882,هنوز جا نیفتاده,not_recommended
151,3493882,با کنترل به سختی میشه تو صفحه جابجا ش,not_recommended
152,3493882,قشنگ دستگاه دست دوم ارسال شده,not_recommended
153,3493882,از همه نظر عالی,recommended
154,3493882,"دستگاه خوبیه
البته ما فقط برا فیلم دیدن از نماوا و فیلیمو گرفتیم
کنترل معمولی داره که خدا رو شکر کنترل تلویزیون ما بهش خورد (تلویزیون پلاسمای پاناسونیک)
یه موس بی سیم هم براش گرفتم
من که راضیم",recommended
155,3493882,دستگاه خوبیه. من با این حال که کیبرد و موس بهش وصل کردم ولی باز user friendly نبود که مجبور شدم لانچر ویندوز 10 نصب کنم که یکم بهتر شد. در کل دستگاه خوبیه نسبت به قیمتش اگر ازش انتظار کامپیوتر یا موبایل رو نداشته باشیم یعنی با موبایل کار کردن به مراتب راحت تر از اندروید باکس است. ,recommended
156,3493882,خوب بود عالی,recommended
157,3493882,دستگاه بیشتر مواقع به حالت زبان اصلی که چینی میباشد بر میگردد,recommended
158,3493882,من در خریدش خیلی شک داشتم چون بعضی نظرهای منفی ک دیدم ناامید شدم اما ریسک کردم و خریدم الانم چند روزه استفاده میکنم همه چیزش عالی هستش نه داغ میکنه نه کنترلش ضعیفه فقط بعضی وقت ها گیر میکنه بخاطر بعضی برنامه ها من همراش یه موس با کیبورد هم سفارش دادم خوبیش اینه هم برنامه های اندروید تی وی و هم اندروید موبایل جواب میده عکسشو میذارم ببینین خوشتون اومد لایک کنید,recommended
159,3493882,اندروید باکس کار راه اندازی می باشد,recommended
161,3493882,در کل دستگاه خوبیه ولی به نظر من کنترل تو دستگاه اندروید باکس یه چیز اضافه بدرد نخوره به جاش یه موس باهاش تو کارتن بزارن خیلی بهتره,recommended
163,3493882,سیستم عاملش اندروییده و اندرویید تی وی نیست. کار کردن باهاش بدون موس سخته، آیکون ها و نوشته ها ریز هستن و مناسب تلویزیون نیستن.,not_recommended
164,3493882,عالی در یک کلمه حرف نداره مرسی از دیجی کالا,recommended
165,3493882,پیشنهاد میکنم بخرید من راضی هستم,recommended
166,3493882,کار راه اندازه ، و من فیلیمو را نصب کردم و اشتراک گرفتم خوب کار میکنه ، در ضمن هم گوگل پلی و هم کروم رو خوب جواب میده ,recommended
167,3493882,واقعا نا امید کنندس منکه مرجوع کردم ینی دلم میخواست حداقل یکم قوی تر میبود از نظر قدرت پردازش اما متاسفانه بدرد وب گردی هم نمیخوره فقطو فقط بدرد فیلم دیدن میخوره رابط کاربری خوبی داره موس خود کنترول بدرد نمیخوره جدا براش بگیرین و در انتها هیچ برنامه ای رو نمیتونی از کروم براش دان کنی باید بریزی تو فلش یا رم بهش بزنی بعد نصب کنی,not_recommended
168,3493882,نظرشخصیم دستگاه خوبیه وکارش عالیه ولی به تمامی تنظیماتش نمیشه دسترسی پیداکردو برای حل این مشکل کافیه یک برنامه ازگوگل پلی به نام جینا براش نصب کنید بااین برنامه میتونید به تمام تنظیمات وبرنامه هاش دسترسی پیداکنید,recommended
169,3493882,عالی البته اگر طریقه استفاده از انرا بدانید به این معنی که کنترل انرا به کناری نهاده کنترل بر روی گوشی خود دانلود کنید و از ان برای وب گردی استفاده کنید ضمنا برای میرور کردن گوشی خود نیز میتوانید اپلیکیشن بر روی گوشی و نیز خود دیوایس دانلود کنید و با اتصال به یک WIFI مشترک از ان لذت ببرید ,recommended
170,3493882,خیلی کوچک و جمع و جور ماوس و کیبورد وصل میشه در نهایت خیلی عالیه,recommended
171,3493882,من راضیم تقریبا یه هفته دارم استفاده میکنم و خیلی راضیم,recommended
172,3493882,"اصلا خوب نیست وقتی اوردنش دیدم باتری ها توی کنترل بودن
من هم مرجوعش کردم
بنظر من نخرین بهتره.",not_recommended
173,3493882,"واقعا هیچوقت جنس الکی به خهطر ارزان بودنش نخرید چون مثل من واقعا پولتون هدر میره. یا نخرید یا چیز خوب بخرید
مراقب باشید سیستم اکثرشون android tv که افتضاحه ولی اگر android باشه بهتره",not_recommended
174,3493882,"خیلی خوبه 
کار امد قیمت متاسب",recommended
175,3493882,"به نسبت قیمت، عملکرد بسیار عالی هست و بعد از ۳ ماه مشکلی باهاش نداشتم.
فقط بهتر بود نرم افزارهای cast رو بصورت پیش فرض روش نصب می‌کردند.
شاد و پیروز باشید.",recommended
176,3493882,"تازه دستم رسید ،خیلی کوچیک و جمعو جوره که خیلی خوبه 
و حافظش هم خوبه و اینکه مموری هم می خوره 
زبان فارسی رو پشتیبانی میکنه 
و برای فیلم دیدن خیلی عالیع
ولی خب موس که بهش وصل میکنی یکم سرعت موس بالاس که نمی دونم درست میشه یا نه 
و اینکه کنترلش خیلی نازکه .
درکل خوبه پیشنهاد میکنم",recommended
177,3493882, نسبت  به قیمت عالی بود,recommended
178,3493882,به پیشنهاد دوستان گرفتم. خیلی خوب بود.. بعضی از دوستان از اختلال درشبکه وای فای نوشته بودن که درمورد این دستگاه همچین موردی تا الان برنخوردم وبه صورت بی سیم به شبکه وای فای وصل کردم,recommended
179,3493882,پیشنهاد می شود,recommended
180,3493882,برای انتقال تصویر گوشی باید روی گوشی نرم افزار smart view و روی اندروید باکس نرم افزار. Air screen  نصب کنید,recommended
181,3493882,نسبت به هزینه ای که میکنید ارزش نداره,no_idea
182,3493882,"من این محصول را به مدت یک هفته هست که خریداری کردم.فعلا که خوب کار می کنه 
نسبت به قیمتش کارایی خوبی داره من که راضیم 
",recommended
183,3493882,خوبه بدنیست ولی خداییش به نسبت قیمتش، امکانات خوبی داره،ولی یذره کنده،,no_idea
184,3493882,"سلام و ادب
دستگاه اندروید باکس پس از باز کردن بسته جهت بازدید و راه اندازی، متوجه شدیم اصلا روشن نمیشود.
مسافرت بودیم و امروز پس از برگشت از مسافرت با خرابی دستگاه مواجه شدیم.
لطفاً راهنمایی بفرمایید.",not_recommended
185,3493882,ممنون از دیجی کالا بابت اوردن همچنین کالای با کیفیتی,recommended
186,3493882,کیفیت مناسبی دارد,recommended
187,3493882,سلام مدت کوتاهی است از این دستگاه استفاده می کنم براحتی به وای فای نصب شد و برای پخش فیلم مشکلی نداشت برای کارهای عمومی مناسب است ولی برای کاربری حرفه ای گزینه های قوی تر پیشنهاد می شود,no_idea
188,3493882,دستگاه خوبیه فقط باید وای فای بهش نزدیک باشه,recommended
189,3493882,امکانات خوبی داره،خوب دانلود میکنه،بدنیست!,no_idea
190,3493882,"با ۶ر بار روشن و خاموش شدن ، زبانش به چینی بر میگشت . هنگ میکرد و ریست میشد
نمیدونم دلیلش چی بود ، شاید واسه من ایراد داشته 
در کل توصیه نمیکنم",not_recommended
191,3493882,"سلام به نظر من برای فیلم خوبه 
فقط نرم افزار فیلیمو داخل اندروید باکس به درد نمیخوره باید نرم افزار اندروید تی وی فیلیمو رو نصب کنین خیلی عالی میشه (وگرنه نرم افزار خودش اذیت می‌کنه )",recommended
192,3493882,"من تجربه 10روزمو میگم، واقعا اذیت نمیکنه این دستگاه راحت میتونی باهاش فیلم ببینی
فقط یه موس بی سیم بگیرید براش که راحت باشید",recommended
193,3493882,"حتما از نماوا اندروید تی وی استفاده کنید
من که راضی ام خوبه",recommended
194,3493882,درکل به نسبت پولی که میدین خوبه,recommended
195,3493882,خیلی عالی هست و حتما پیشنهاد میکنم,recommended
196,3493882,"تازه گرفتم بدنیست،خوبه،
خیلی خوبه،10روزه گرفتم همه چیز توش هست،
مثل موبایله!ولی هیچ اکانت تشویقی برای نماوایافیلیمو نداره",recommended
197,3493882,فقط مناسب تماشای فیلم ,not_recommended
198,3493882,سلام دوستان بنده چند روزی هست که این دستگاه رو خریدم تا الان که خیلی خوب بوده فقط جنسش پلاستیکه که خیلی نازکه,recommended
199,3493882,خرید مناسبی می باشد. موس با سیم را وصل کرده ام و به راحتی استفاده کردم. حافظه کافی برای نصب برای دیگر. البته برنامه های پیش فرض کافی می باشد. نگران گارانتی بودم که در مشخصات دستگاه ننوشته بود که دستگاه دارای گارانتی یکساله می باشد. ,recommended
200,3493882,دوستان من خودم قبلا چند تا تی وی باکس داشتم برای همین کاملا با خصوصیات و عملکرد این دستگاهها آشنا هستم ساعت اول که دستگاه روشن کردم داشتم نا امید میشدم و قصد داشتم مرجوعش کنم اما با کمی صبر فهمیدم اکثر مشکلاتش بخاطر فریمور ضعیف نصب شده است وگرنه سخت افزار خیلی خوبی داره ! مثلا برای نصب آپ ها در گوگل استور بیشتر نرم افزار ها رو خطای عدم پشتیبانی میزنه در کافه بازار هم این مشکل هست که برای حلش باید نرم افزار جدا از سایت های معتبر دانلود و نصب کنید یا مثلا وقتی دکمه پاور کنترل میزنی کلا دستگاه خاموش میشه و به حالت آماده به کار نمیره که برای حلش نرم افزاری با عنوان دکمه منو و یک نرم افزار دیگر بنام  غیرفعال کردن صفحه را  نصب کردم که مشکل حل شد  و لازم نیست هر باز یک دقیقه صبر کنم تا روشن بشه این نرم افزار ضعف های دیگر لانچر مثل نبود دکمه home یا کم و زیاد کردن صدا یا حتی عکس گرفتن از صفحه را جبران میکنه و خیلی کم سراغ کنترل می روید بعضی از دوستان گفته بودند کنترلش ضعیفه من از فاصله ۴ متری راحت باهاش کار کردم و در آخر لانچر و  فریمور دستگاه بخاطر ضعفش اجازه دسترسی به خیلی از تنظیمات نمیده که برای حلش نرم افزاری با عنوان بلوتوث (البته به انگلیسی) را از بازار نصب کنید این نرم افزار در واقع یک میانبر از بلوتوث ایجاد میکنه که وقتی وارد تنظیمات بلوتوث میشید با کلیک روی فلش برگشت بالای صفحه وارد تنظیمات اصلی تی وی باکس میشوید مانند تترنینگ که حتی اینرنت لن بصورت وای فا به اشتراک میگذارد به نظرم این دستگاه قیمتش از نظر سخت افزاری بیشتر از این حرف هاست اما بخاطر مونتاژ در ایران همانطور که زیر دستگاه نوشته باعث شده ارزان تمام شود در کل با یک آپدیت سازنده از طرف سازنده واقعا عالی میشود.,recommended
201,3493882,"وقتی نظر میدیم قراره همدیگه رو راهنمایی کنیم تا بقیه هم مثل ما با خریدشون خوشحال بشن یا جلوگیری کنیم از هدر رفتن وقت بقیه.همیشه و همه جا مثل دیجی کالا فرصت اینو نداریم مثل من اگر تجربه خوبی با خرید نداشتین مرجوعش کنین.
این دستگاه روی کاغذ چیزی از هم رده هاش که حتما سرچ کردین و میدونین نداره ولی در عمل بسیار ضعیف عمل میکنه،اگر مثل من دنبال هوشمند کردن تلویزیونتون هستین و از برنامه های صدا سیما خسته شدین این محصول آخرین انتخابتون باشه،چون لانچر به شدت افتضاحی داره،خیلی داغ می‌کنه هر بار خاموش و روشن کردنش لااقل 5 دقیقه وقتتونو میگیره،با کانکت شدن وای فای مشکلی نداشتم ولی رابط کاربری خیلی بده،عملا چیزی به نام بلوتوث نداره و با بقیه دیوایس ها باید اینو پیدا کنین که مثلاً با یه اسپیکر بلوتوث غیر ممکنه این کار،سرعت موس بسیار بالاست که هیچ تنظیمی برای کاهش سرعت وجود نداره،یکی از درگاه های یو اس بی کار نمی‌کرد، به قدری سبکه که وقتی اچ دی ام آی نصب میکنید تحت تأثیر سنگینی کابل دستگاه به جلو خم میشه،کنترل عملا هیچ کارایی ندارد.
در کل ب نظر من ارزش خرید نداره و مرجوعش کردم و یه کالای جایگزین از همین سایت خریدم.
سرچ کنین و محصولی که می‌خرید جزوه بهترین های بازار ایران باشه با 300,400تومن اختلاف خیلی بیشتر خوشحال تر میشین تا خرید این کالای بی نام و نشون و گم نام.",not_recommended
202,3493882,نسبت به مشخصاتش قیمتش مناسب بود ، ولی هرکاری کردم نتونستم گوشی رو به دستگاه متصل کنم ، واسه همین میخام مرجوعش بدم,no_idea
204,3493882,"در خریدش شک نکنید اگه برا دیدن فیلم میخواین
عالی",recommended
205,3493882,دستگاه رو برای مادرم خریده بودم . قبل از اینکه ببرم خونشون توی خونه خودم با کابل شبکه امتحان کردم خیلی خوب بود و مشکلی بابت پخش نداشت . البته نسخه فیلیمو و نماوا رو به نسخه اندروید تی وی تغییر دادم . کنترلش خیلی ضعیف بود ولی با کنترل تلویزیون سونی سینک شد و تونستم کارم و راه بندازم . یه مشکل کوچولو تو تنظیم ساعت خودکار داشت که وقتی میخواستم نقطه زمانی رو روی تهران تنظیم کنم از برنامه میومد بیرون . شب که دستگاه رو بردم خونه مادرم که نصب کنم به دلیل اینکه کابل شبکه نداشتم مجبور شدم از اینترنت بی سیم استفاده کنم . که متوجه شدم دستگاه با وجود اینکه به وای فای متصل میشه ولی به اینترنت وصل نمیشه و اون پایین مینویسه متصل بدون اینترنت . این کار و با هات اسپات گوشی هم امتحان کردم باز هم همون نتیجه رو داشت.  مجبور شدم مرجوع کنم . در کل هم ظاهر دستگاه هم تم اندرویدش جالبه ولی دستگاه من ایراد  فنی داشت .,no_idea
206,3493882,"ای بدک نیست
",recommended
207,3493882,"راضی هستم
به نسبت قیمت کارایی و کیفیت خوبی داره",recommended
208,3493882,عالیه نسبت به قیمت,recommended
209,3493882,من واسه بازی گرفته بودمش ولی متاسفانه هیچ بازی رو پشتیبانی نمیکرد مجبور شدم مرجوع کنم,no_idea
210,3493882,"من اول اندروید باکس دیگه ای از دیجی کالا سفارش دادم که واقعا بیخود بود و مرجوعش کردم و بجاش اینو خریدم. توی این مدتی که ازش استفاده میکنم واقعا راضی بودم، اصلا قطعی نداشته، سرعت خوبی داره و خیلی برنامه های کاربردی رو نصب داره. فقط نکته ای که هست اینه که برنامه ی فیلیمویی که به طور پیش فرض روش نصب شده مخصوص اندرویده و اگر بخواید با کنترل دستگاه کار کنید، موقع کار با فیلیمو خیلی به مشکل بر میخورید، ولی اگر خودتون نسخه ی اندروید تی وی فیلیمو رو نصب کنید حتی با کنترل هم به راحتی و بدون دردسر میتونید ازش استفاده کنید. برای من حتی با کنترل خود تلوزیون که سونی هست هم کار میکنه و بجز خاموش و روشن کردن دستگاه نیازی به کنترل خودش ندارم. توی نظرات هم گفته شده بود اگر فاصلش با مودم زیاد شه قطع میشه که برای ما فاصله ی زیادی با مودم داره اما قطعی ای نداشته. فقط اگر داشتن قابلیت بلوتوث براتون خیلی مهمه باید بگم من هنوز نتونستم تنظیمات بلوتوثشو پیدا کنم و کلا از بلوتوث استفاده کنم که البته مشکلی هم برام پیش نیاورده. 
در نهایت به نسبت هزینه ای که پرداخت میکنید و با توجه به اینکه یک سال گارانتی داره، برای دیدن فیلم و سریال و کارهای روزمره فوق العادست.",recommended
211,3493882,خیلی خوبه فقط وقتی اینستا نصب میکنی روش میری تو اینستا تصویرش خیلی زومه درست هم نمیشه ولی در کل خوبه,recommended
212,3493882,"همه چیش خوب بود فقط نمی‌دونم چرا قابلیت بازتاباندن گوشی تو تی وی رو نداره
سرعت بالا 
بدون لگ",recommended
213,3493882,به هيچ عنوان دستگاه خوب نبود,not_recommended
214,3493882,"من با توجه به قابلیت های این دستگاه بعد از مقایسه با موارد هم رده خودش این دستگاه رو انتخاب کردم، اما متاسفانه وجود رم و حافظه ی بالا و خروجی صدا اپتیکال و ویژگی های خوب دیگه،  در صورتی که نشه با دستگاه کار کرد ارزش نداره.
ریموت کنترل فوق العاده ضعیف است و کار کردن با دستگاه رو عملا مختل میکنه. مرجوع کردم.",not_recommended
215,3493882,بسیار عالی و مناسب نسبت به قیمت,recommended
216,3493882,من تعمیرکار صوتی تصویری هستم دوتا از این دستگاه رو گرفتم واقعا از کیفیتش راضی بودم برا ال ای دی سونی استفاده کردم عالی بود از نظر کیفیت تصویر و برنامه ها ونکته خوبش این بود که نگران خراب شدن ریموت کنترل و گیر نیومدن اون بودم که خوشبختانه دیدم با ریموت کنترل خود تلوزیون سینک شد .,recommended
218,3493882,ارزش خرید نداره,not_recommended
219,3493882,نسبت به رام 2 گیگابایتی و حافظه داخلی 16 گیگابایتی انصافاً خوبه به نظرم 5 تا ستاره حقشه,recommended
220,3493882,تو تخفیف خوب  بود,not_recommended
221,3493882,"تا الان نشده حتی یک دونه از کامنتهای انتقادی من در این سایت تایید بشه و همشونو میزنه عدم تایید
فکر کنم حداقل 50تا کامنت تایید نشده دارم که همشون انتقاد از محصولات بوده ولی اگه تعریف کنم حتما تایید میشه.
بعد از یک ماه استفاده نظرمو در موردش میگم:
اندازه دستگاه به اندازه بقیه دستگاه هاست ولی اینکه حداقلش یه اسم داره نسبت به اونها یه قدم بالا تره
روشن شدنش حدود بیست سی ثانیه طول میکشه اوایل زیاده ولی بعدا عادی میشه
شرکت اسمبل کننده در مورد مشخصات سخت افزاری این محصول صداقت نداشته و اطلاعات سخت افزاری اون دقیق نیست
مشخصات سخت افزاری بر اساس داده های cpu z :
پردازنده اون Amlogic S805X هست که یک پردازنده 32 بیتی با حداکثر سرعت 1.2گیگاهرتزی هستش که با اطلاعاتی که سازنده داده خیلی اختلاف داره؟!
حافظه داخلی 12 گیگ هستش
بلوتوث دستگاه فقط قابلیت اتصال به اکسسوری داره و به گوشی متصل نمیشه. البته بلوتوث با ماژول وای فای مشترک هست
گرمای دستگاه در حد نرمال هستش 
کیفیت کنترل دستگاه خیلی پایینه و امکان خرابیش بعد از مدتی کوتاهی استفاده وجود داره.
به علت 32 بیتی بودن تعداد نرم افزار هایی که بشه روش نصب کرده به نسبت کمه. فیلتر شکن روش نصب شد و کار کرد. یوتیوب پیش فرضش نسخه تی وی هستش که با کنترل خود دستگاه به راحتی کار میکنه. فیلیمو رو پاک کنید و نسخه تی وی رو نصب کنید که کار با کنترل رو راحت میکنه
از توی تنظیمات منو چند بار پشت سر هم روی built کلیک کنید که بعدش یه گزینه for developers به منو اضافه میشه که از طریق اون به تنظیمات تخصصی بیشتری دست پیدا میکنید
زبان فارسی به طور پیش فرض در کیبورد وجود نداره که باید دستی تنظیمش کنید
دستگاه قابلیت کار با میکروفن رو نداره که بالطبع باید کار کردن با دستیار صوتی رو فراموش کنید
خروجی تصویر این دستگاه حداکثر رزولوشن فول اچ دی در فرکانس 60 هرتز رو پشتیبانی میکنه و اگر تلویزیون شما فورکی باشه باز هم رزولوشن اون فول اچ دی هست ولی البته قابلیت پخش فورکی داره
با فعال کردن CEC میشه با کنترل تلویزیون این دستگاه رو کنترل کرد. حافظه داخلی 12 گیگ هستش نه 16 گیگ!؟
کیفیت اتصال وای فای خوبه و اصلا قعطی نداشتم. با ایرماوس هم به خوبی کار میکنه. کیفیت رنگ و تصویر خروجی دستگاه هم نسبتا خوبه ولی عالی هم نیست.
البته قابل ذکره که دستگاهی که واسم فرستادن قبلا باز شده بوده و برچسبش باز بود و باتری هاش توی کنترلش بود و روش کلی اثر انگشت بود. نقطه قوت واقعی این تیوی باکس قیمتشه و در غیر این صورت با توجه به سرعت پایین و 32 بیتی بودن زیاد مناسب نیست.
وب گردی باهاش زیاد روان نیست و حس خیلی خوبی انتقال نمیده. تموم نرم افزار هاش باید آپدیت بشه. پیشنهاد میشه به صورت دستی دانلود کنید و نصب کنید. اگر در حین نصب نرم افزار پیام خطایی مبنی بر not compatible with your device رو مشاهده کردین بدونید که نرم افزار دانلود شده شما 64 بیتی هستش که با این دستگاه سازگار نیست
اندروید دستگاه، اندروید 9 خام هستش که ارتقای اپ های پیشفرض به نرم افزار های به روز تر شدیدا پیشنهاد میشه",no_idea
222,3493882,تازه دیروز به دستم رسید . یک سری نرم افزار را خودش دارد. مثل نماوا، آپارات . فیلیمو، تلوبیون، یوتیوب، نتفلیکس، ام ایکس پلیر، گوگل پلی ، و چیزهای دیگر. کارکردن با کنترل گیج کننده است. من مجبور شدم نسخه تی وی نماوا را نصب کنم. چون با نسخه ی خودش خوب نبود. بلوتوث ش به گوشی وصل نمیشه. خوشبختانه ماوس و کیبورد usb بهش وصل میشه و به راحتی کار می‌کنه. و لازم نیست ماوس بلوتوثی بگیرید. قطع و وصل هم نشد. فقط موقع راه اندازی توجه کنید که کیفیت تصویر را مطابق تلویزیون تون کنید. چون به صورت پیشفرض روی 4kهست. و تو تلویزیون من رنگهارا فقط بنفش و سبز نشون میداد. بعد از کلی سر و کله زدن فهمیدم که باید بزارم روی1080 . درست شد. یک سال هم گارانتی دارد.,recommended
223,3493882,کاملا واضح دست دوم بود مرجوع کردم ، هم زدگی داشت هم جای دست هم جی میل نفر قبلی رو دستگاه بود,not_recommended
224,3493882,با توجه به حافظه ۱۶ گیگ و رم ۲ گیگ انتخاب خوبی است,recommended
225,3493882,"دستگاه اندروید با3زیبا وکارامد
خیلی وسیله جالبیه فقط حتما هر که از دیجی کالا میخره همراهش یه موس بیسیمی هم سفارش بده واقعا کارو راحت میکنه",recommended
226,3493882,حقیقتا فکر نمیکردم دستگاه مناسبی باشه تو این رنج قیمت، ولی تا الان که عملکرد خوبی داشته. دستگاه با اتصال وای فای در فاصله نزدیک تست شد. سرعت اتصال خوب بود. دستگاه فیلیمو و آپارات رو بدون هیچ لگ و قطعی پخش کرد. اتصال ماوس به دستگاه عملکرد قابل قبولی داشت. نقاط قوت و ضعف بطور کامل گفته شده. حتما ویدئوهای جعبه گشایی و عملکرد دستگاه با اتصال به تلویزیون رو مشاهده کنید. سعی کردم چیزی از قلم نیوفته. ممنون,recommended
227,3493882,من دوتا از این دستگاه رو خریداری کردم و بعد مرجوع کردم بخاطر اینکه وای فای دستگاه بسیار ضعیفه و اگه وای فای داخل خونه باهاش بیشتر از دو متر فاصله داشته باشه دستگاه کار نمیکنه و به اینترنت وصل نمیشه من هم با وای فای امتحان کردم و هم با هات اسپات گوشی در هر دو این مشکل رو داشت و هر دو دستگاهی که خریدم هم این مشکل رو داشت,not_recommended
228,3493882,من تازه خریدمش. الان یک هفته است که دارم ازش استفاده می‌کنم. به نظرم با قیمت مناسبی که داره هیچ چیزی از سایر اندروید باکس‌ها که قیمت‌های بالایی هم دارن، کم نداره. تا الان اصلا هنگ نداشته و سرعت اتصال اینترنت از طریق وای فای هم خوبه. به نظرم برای وبگردی و استفاده از برخی اپلیکیشن‌ها، نیاز به موس داره. برای فیلم دیدن و استفاده از اپلیکیشن‌‌های رسانه‌ای مانند نماوا و فیلیمو، عالیه.,recommended
229,3493882,واقعا از لحاظ کیفیت خوب هست. بر خلاف کلاهای دیجیتالی گه از دیجیکالا میخریدم . دست دوم نبود و یکسال گارانتی داشت,recommended
230,3493882,دستگاه ساده و کار راه اندازیه ، هنگ هم نکرده فعلا ، انتظار بازی کردن ازش نداشته نباشین ، خرید ایر ریموت هم از واجباته,recommended
231,3493882,"درسته نکات منفی زیاد داره ولی چیز با ارزشیه من راضی هستم
برنامه های زیادی میشه نصب کرد مثل اینستاگرام و واتس‌اپ
برنامه های پیشفرض یکم ضعیفن من خودم بهترش رو دانلود کردم",recommended
232,3493882,از اینکه خروجی اُپتیکال داره وصدارو با کیفیت بالا تو اسپیکر میتونی داشته باشی وبا تصویر فول اچ دی که میده واقعا تجربه خوبیه.نسب به قیمتش خیلی خوبه,recommended
233,3493882,"با توجه به رم 2 و هارد 16 ، قیمت مناسب به نظر می رسد.
تست شد OK بود بعضی برنامه ها بعد از بروزرسانی با اختلال مواجه می شوند.",recommended
234,3493882,اشکال در اتصال بلوتوث داره، اصلا توی جستجو با موبایل نمیاد,no_idea
235,3493882,باکس خوبی است. سرعتش خوبه. اتصال با کابل شبکه و همینطور بی سیم خوب بود. یوتیوب و نت فلیکس رو هم بدون مشکل میاره,recommended
236,3493882,از هر نظر عالیه هم کیفیت تصویرش خوبه هم امکاناتش اندروید 9 داره فقط اگر میخواید راحت باهاش کار کنید ماوس بهش وصل کنید با کنترل یکم گیج شدم و راحت نبودم,recommended
237,3493882,با توجه به این هزینه مناسب ، به راحتی تلویزیونهای خودمونو میتونیم به داشتن سیستم عامل اندروید مجهز کنیم و از امکانات یک تلویزیون هوشمند بهره مند بشیم,recommended
238,3493882,دستگاه واقعا خوبیه بدون لگ فیلما رو پخش میکنه قیمتش مناسبه یوتیوب رو هم پخش میکنه برای بازی سبک هم خوبه فقط به گوشی متصل نشد شاید نرم افزار خاصی داشته باشه  من نتونستم متصل کنم,recommended
